{
  "success_rate": 1.0,
  "total_runs": 20,
  "avg_duration_ms": 2.2282172494669794,
  "median_duration_ms": 1.9371814978512703,
  "failures": []
}