{
  "success_rate": 1.0,
  "total_runs": 20,
  "avg_duration_ms": 1.150745549784915,
  "median_duration_ms": 1.061458999174647,
  "failures": []
}