{
  "success_rate": 1.0,
  "total_runs": 20,
  "avg_duration_ms": 0.07365065011981642,
  "median_duration_ms": 0.06922849934198894,
  "failures": []
}