{
  "comparison_type": "Ouroboros vs PQC",
  "configuration": {
    "iterations": 5,
    "packet_sizes": [
      256
    ],
    "duration": 5
  },
  "ouroboros_results": {
    "protocol": "Ouroboros",
    "aead_algorithm": "ASCON-128a",
    "ratchet_algorithm": "ASCON-Hash256",
    "scrambling_algorithm": "Fisher-Yates + ChaCha20",
    "iterations": 5,
    "isolated_operations": {
      "ratchet": {
        "operation": "ratchet_derive_keys",
        "mean_ms": 2.051456999470247,
        "median_ms": 1.9508529985614587,
        "std_ms": 0.2809488198199317,
        "min_ms": 1.8991440010722727,
        "max_ms": 2.5520130002405494,
        "p95_ms": 2.5520130002405494,
        "p99_ms": 2.5520130002405494,
        "ops_per_sec": 487.4584260153796,
        "samples": 5
      },
      "aead_256B": {
        "message_size_bytes": 256,
        "aead_algorithm": "ASCON-128a",
        "operations": {
          "encrypt": {
            "operation": "aead_encrypt",
            "mean_ms": 0.7533831994805951,
            "median_ms": 0.7388129997707438,
            "std_ms": 0.037240030420568886,
            "min_ms": 0.7280360005097464,
            "max_ms": 0.8187349994841497,
            "p95_ms": 0.8187349994841497,
            "p99_ms": 0.8187349994841497,
            "ops_per_sec": 1327.3457659919015,
            "samples": 5
          },
          "decrypt": {
            "operation": "aead_decrypt",
            "mean_ms": 0.7852854003431275,
            "median_ms": 0.7673340005567297,
            "std_ms": 0.037869097407515616,
            "min_ms": 0.7563520011899527,
            "max_ms": 0.8484289974148851,
            "p95_ms": 0.8484289974148851,
            "p99_ms": 0.8484289974148851,
            "ops_per_sec": 1273.422375563144,
            "samples": 5
          }
        }
      },
      "scrambling_256B": {
        "data_size_bytes": 256,
        "operations": {
          "scramble": {
            "operation": "scramble",
            "mean_ms": 0.2619692008011043,
            "median_ms": 0.24194900106522255,
            "std_ms": 0.04615565230049334,
            "min_ms": 0.23662700186832808,
            "max_ms": 0.3441320004640147,
            "p95_ms": 0.3441320004640147,
            "p99_ms": 0.3441320004640147,
            "ops_per_sec": 3817.2426260109605,
            "samples": 5
          },
          "unscramble": {
            "operation": "unscramble",
            "mean_ms": 0.27041139983339235,
            "median_ms": 0.2450500032864511,
            "std_ms": 0.04717369964398809,
            "min_ms": 0.24360899988096207,
            "max_ms": 0.35310499879415147,
            "p95_ms": 0.35310499879415147,
            "p99_ms": 0.35310499879415147,
            "ops_per_sec": 3698.068944638157,
            "samples": 5
          }
        }
      }
    },
    "full_protocol": {
      "256B": {
        "protocol": "Full Ouroboros",
        "message_size_bytes": 256,
        "aead_algorithm": "ASCON-128a",
        "header_overhead_bytes": 25,
        "iterations": 5,
        "operations": {
          "encrypt_pipeline": {
            "operation": "encrypt_pipeline",
            "mean_ms": 2.9787857994961087,
            "median_ms": 2.966504001960857,
            "std_ms": 0.04135706541999747,
            "min_ms": 2.950304999103537,
            "max_ms": 3.0510539982060436,
            "p95_ms": 3.0510539982060436,
            "p99_ms": 3.0510539982060436,
            "ops_per_sec": 335.70725366327446,
            "samples": 5
          },
          "decrypt_pipeline": {
            "operation": "decrypt_pipeline",
            "mean_ms": 2.9941679997136816,
            "median_ms": 2.9605720010295045,
            "std_ms": 0.07946806026862327,
            "min_ms": 2.9466949999914505,
            "max_ms": 3.135449998808326,
            "p95_ms": 3.135449998808326,
            "p99_ms": 3.135449998808326,
            "ops_per_sec": 333.98259553092055,
            "samples": 5
          },
          "full_roundtrip": {
            "operation": "full_roundtrip",
            "mean_ms": 6.573677999404026,
            "median_ms": 6.201410997164203,
            "std_ms": 1.1062967274966027,
            "min_ms": 5.896288999792887,
            "max_ms": 8.531510000466369,
            "p95_ms": 8.531510000466369,
            "p99_ms": 8.531510000466369,
            "ops_per_sec": 152.12184108967014,
            "samples": 5
          }
        }
      }
    },
    "overhead_analysis": {
      "header_size_bytes": 25,
      "header_breakdown": {
        "channel_id": 1,
        "counter": 4,
        "random_r": 4,
        "aead_tag": 16
      },
      "per_message_overhead": {
        "256B": {
          "message_size_bytes": 256,
          "overhead_bytes": 25,
          "overhead_percent": 9.765625,
          "total_packet_size_bytes": 281,
          "efficiency_percent": 91.10320284697508
        }
      }
    }
  },
  "pqc_results": {
    "benchmark_type": "Comprehensive PQC",
    "iterations": 5,
    "message_sizes": [
      256
    ],
    "system_info": {
      "liboqs_available": true,
      "liboqs_version": "0.14.0",
      "liboqs_python_version": "0.14.0",
      "enabled_kems": [
        "BIKE-L1",
        "BIKE-L3",
        "BIKE-L5",
        "Classic-McEliece-348864",
        "Classic-McEliece-348864f",
        "Classic-McEliece-460896",
        "Classic-McEliece-460896f",
        "Classic-McEliece-6688128",
        "Classic-McEliece-6688128f",
        "Classic-McEliece-6960119",
        "Classic-McEliece-6960119f",
        "Classic-McEliece-8192128",
        "Classic-McEliece-8192128f",
        "Kyber512",
        "Kyber768",
        "Kyber1024",
        "ML-KEM-512",
        "ML-KEM-768",
        "ML-KEM-1024",
        "sntrup761",
        "FrodoKEM-640-AES",
        "FrodoKEM-640-SHAKE",
        "FrodoKEM-976-AES",
        "FrodoKEM-976-SHAKE",
        "FrodoKEM-1344-AES",
        "FrodoKEM-1344-SHAKE"
      ],
      "enabled_sigs": [
        "Dilithium2",
        "Dilithium3",
        "Dilithium5",
        "ML-DSA-44",
        "ML-DSA-65",
        "ML-DSA-87",
        "Falcon-512",
        "Falcon-1024",
        "Falcon-padded-512",
        "Falcon-padded-1024",
        "SPHINCS+-SHA2-128f-simple",
        "SPHINCS+-SHA2-128s-simple",
        "SPHINCS+-SHA2-192f-simple",
        "SPHINCS+-SHA2-192s-simple",
        "SPHINCS+-SHA2-256f-simple",
        "SPHINCS+-SHA2-256s-simple",
        "SPHINCS+-SHAKE-128f-simple",
        "SPHINCS+-SHAKE-128s-simple",
        "SPHINCS+-SHAKE-192f-simple",
        "SPHINCS+-SHAKE-192s-simple",
        "SPHINCS+-SHAKE-256f-simple",
        "SPHINCS+-SHAKE-256s-simple",
        "MAYO-1",
        "MAYO-2",
        "MAYO-3",
        "MAYO-5",
        "cross-rsdp-128-balanced",
        "cross-rsdp-128-fast",
        "cross-rsdp-128-small",
        "cross-rsdp-192-balanced",
        "cross-rsdp-192-fast",
        "cross-rsdp-192-small",
        "cross-rsdp-256-balanced",
        "cross-rsdp-256-fast",
        "cross-rsdp-256-small",
        "cross-rsdpg-128-balanced",
        "cross-rsdpg-128-fast",
        "cross-rsdpg-128-small",
        "cross-rsdpg-192-balanced",
        "cross-rsdpg-192-fast",
        "cross-rsdpg-192-small",
        "cross-rsdpg-256-balanced",
        "cross-rsdpg-256-fast",
        "cross-rsdpg-256-small",
        "OV-Is",
        "OV-Ip",
        "OV-III",
        "OV-V",
        "OV-Is-pkc",
        "OV-Ip-pkc",
        "OV-III-pkc",
        "OV-V-pkc",
        "OV-Is-pkc-skc",
        "OV-Ip-pkc-skc",
        "OV-III-pkc-skc",
        "OV-V-pkc-skc",
        "SNOVA_24_5_4",
        "SNOVA_24_5_4_SHAKE",
        "SNOVA_24_5_4_esk",
        "SNOVA_24_5_4_SHAKE_esk",
        "SNOVA_37_17_2",
        "SNOVA_25_8_3",
        "SNOVA_56_25_2",
        "SNOVA_49_11_3",
        "SNOVA_37_8_4",
        "SNOVA_24_5_5",
        "SNOVA_60_10_4",
        "SNOVA_29_6_5"
      ],
      "kyber768_available": true,
      "dilithium2_available": true
    },