{
  "key_generation": {
    "mean_us": 22.39303994429065,
    "median_us": 20.391498765093274,
    "p95_us": 34.83599721221253,
    "p99_us": 117.46800009859726,
    "min_us": 19.981998775620013,
    "max_us": 117.46800009859726,
    "std_us": 10.412540277604489
  },
  "scrambling_256b": {
    "mean_us": 54695.69868979306,
    "median_us": 49211.4410008071,
    "p95_us": 82012.8349987499,
    "p99_us": 141144.6589991101,
    "min_us": 48478.80099987378,
    "max_us": 141144.6589991101,
    "std_us": 14582.898310406117
  },
  "scrambling_1024b": {
    "mean_us": 208751.13965008495,
    "median_us": 196815.05150037992,
    "p95_us": 254463.54700034135,
    "p99_us": 349307.6260019734,
    "min_us": 192290.3500017128,
    "max_us": 349307.6260019734,
    "std_us": 26055.71575574374
  },
  "scrambling_4096b": {
    "mean_us": 826003.7246003048,
    "median_us": 808493.7950006861,
    "p95_us": 972991.3430019224,
    "p99_us": 1055452.2380007256,
    "min_us": 775401.6220023914,
    "max_us": 1055452.2380007256,
    "std_us": 59718.75081078074
  }
}