{
  "256": {
    "encryption": {
      "packets_per_second": 3239.0078188964358,
      "throughput_mbps": 0.7907733932852626,
      "avg_latency_ms": 0.30873651930260254,
      "total_time": 2.81505958300113,
      "iterations": 9118
    },
    "decryption": {
      "packets_per_second": 348653.7974390947,
      "throughput_mbps": 85.12055601540398,
      "avg_latency_ms": 0.0028681746974939717,
      "total_time": 0.0279761759993562,
      "iterations": 9754
    }
  }
}