{
  "comparison_type": "Ouroboros vs PQC",
  "configuration": {
    "iterations": 50,
    "packet_sizes": [
      256,
      1024,
      4096
    ],
    "duration": 10
  },
  "ouroboros_results": {
    "protocol": "Ouroboros",
    "aead_algorithm": "ASCON-128a",
    "ratchet_algorithm": "ASCON-Hash256",
    "scrambling_algorithm": "Fisher-Yates + ChaCha20",
    "iterations": 50,
    "isolated_operations": {
      "ratchet": {
        "operation": "ratchet_derive_keys",
        "mean_ms": 2.0982902399555314,
        "median_ms": 1.8584695008030394,
        "std_ms": 0.5931569301486114,
        "min_ms": 1.8390109980828129,
        "max_ms": 4.026248003356159,
        "p95_ms": 3.8786230034020264,
        "p99_ms": 4.026248003356159,
        "ops_per_sec": 476.5784927928716,
        "samples": 50
      },
      "aead_256B": {
        "message_size_bytes": 256,
        "aead_algorithm": "ASCON-128a",
        "operations": {
          "encrypt": {
            "operation": "aead_encrypt",
            "mean_ms": 1.2634782398527022,
            "median_ms": 1.30220600112807,
            "std_ms": 0.43611279222623817,
            "min_ms": 0.7536250013799872,
            "max_ms": 2.7274839994788636,
            "p95_ms": 1.6359109977202024,
            "p99_ms": 2.7274839994788636,
            "ops_per_sec": 791.4659457186862,
            "samples": 50
          },
          "decrypt": {
            "operation": "aead_decrypt",
            "mean_ms": 0.8141519799391972,
            "median_ms": 0.744049499189714,
            "std_ms": 0.21959552518457218,
            "min_ms": 0.7362729993474204,
            "max_ms": 1.5570830000797287,
            "p95_ms": 1.5479020003112964,
            "p99_ms": 1.5570830000797287,
            "ops_per_sec": 1228.271900873695,
            "samples": 50
          }
        }
      },
      "scrambling_256B": {
        "data_size_bytes": 256,
        "operations": {
          "scramble": {
            "operation": "scramble",
            "mean_ms": 0.24552780014346354,
            "median_ms": 0.24078949900285807,
            "std_ms": 0.01687176047284381,
            "min_ms": 0.23779800176271237,
            "max_ms": 0.34453199987183325,
            "p95_ms": 0.25723200087668374,
            "p99_ms": 0.34453199987183325,
            "ops_per_sec": 4072.8585496864034,
            "samples": 50
          },
          "unscramble": {
            "operation": "unscramble",
            "mean_ms": 0.25428133994864766,
            "median_ms": 0.2507439985492965,
            "std_ms": 0.020589078316991725,
            "min_ms": 0.245518000156153,
            "max_ms": 0.39306399776251055,
            "p95_ms": 0.2603600005386397,
            "p99_ms": 0.39306399776251055,
            "ops_per_sec": 3932.65192090757,
            "samples": 50
          }
        }
      },
      "aead_1024B": {
        "message_size_bytes": 1024,
        "aead_algorithm": "ASCON-128a",
        "operations": {
          "encrypt": {
            "operation": "aead_encrypt",
            "mean_ms": 2.675174980322481,
            "median_ms": 2.6198625018878374,
            "std_ms": 0.2075253267243855,
            "min_ms": 2.599846997327404,
            "max_ms": 3.912121999746887,
            "p95_ms": 2.7396599980420433,
            "p99_ms": 3.912121999746887,
            "ops_per_sec": 373.8073237659595,
            "samples": 50
          },
          "decrypt": {
            "operation": "aead_decrypt",
            "mean_ms": 3.6461687200062443,
            "median_ms": 2.6990520000254037,
            "std_ms": 1.4412283801270376,
            "min_ms": 2.644417003466515,
            "max_ms": 9.195458998874528,
            "p95_ms": 5.9283720001985785,
            "p99_ms": 9.195458998874528,
            "ops_per_sec": 274.2604845774354,
            "samples": 50
          }
        }
      },
      "scrambling_1024B": {
        "data_size_bytes": 1024,
        "operations": {
          "scramble": {
            "operation": "scramble",
            "mean_ms": 0.9891275800328003,
            "median_ms": 0.9607210013200529,
            "std_ms": 0.15709485940746842,
            "min_ms": 0.9508090006420389,
            "max_ms": 2.06967400299618,
            "p95_ms": 1.0292920014762785,
            "p99_ms": 2.06967400299618,
            "ops_per_sec": 1010.9919288337295,
            "samples": 50
          },
          "unscramble": {
            "operation": "unscramble",
            "mean_ms": 1.0800419598672306,
            "median_ms": 0.9826339992287103,
            "std_ms": 0.24264558240396294,
            "min_ms": 0.9722840004542377,
            "max_ms": 1.99468299979344,
            "p95_ms": 1.8690969991439488,
            "p99_ms": 1.99468299979344,
            "ops_per_sec": 925.8899535004454,
            "samples": 50
          }
        }
      },
      "aead_4096B": {
        "message_size_bytes": 4096,
        "aead_algorithm": "ASCON-128a",
        "operations": {
          "encrypt": {
            "operation": "aead_encrypt",
            "mean_ms": 10.67433103962685,
            "median_ms": 9.85369150112092,
            "std_ms": 2.172842186912691,
            "min_ms": 9.79560799896717,
            "max_ms": 19.612186999438563,
            "p95_ms": 17.51511899783509,
            "p99_ms": 19.612186999438563,
            "ops_per_sec": 93.68268571469727,
            "samples": 50
          },
          "decrypt": {
            "operation": "aead_decrypt",
            "mean_ms": 10.825784399930853,
            "median_ms": 10.666392499842914,
            "std_ms": 0.6368307962221069,
            "min_ms": 10.595519997878,
            "max_ms": 14.817567000136478,
            "p95_ms": 11.815843998192577,
            "p99_ms": 14.817567000136478,
            "ops_per_sec": 92.37205943306863,
            "samples": 50
          }
        }
      },
      "scrambling_4096B": {
        "data_size_bytes": 4096,
        "operations": {
          "scramble": {
            "operation": "scramble",
            "mean_ms": 3.8204113799292827,
            "median_ms": 3.802535000431817,
            "std_ms": 0.04724104815528925,
            "min_ms": 3.773221000301419,
            "max_ms": 3.9867560008133296,
            "p95_ms": 3.9397450018441305,
            "p99_ms": 3.9867560008133296,
            "ops_per_sec": 261.7519163652241,
            "samples": 50
          },
          "unscramble": {
            "operation": "unscramble",
            "mean_ms": 4.652870320060174,
            "median_ms": 3.917766000085976,
            "std_ms": 1.8947896550671386,
            "min_ms": 3.885089998220792,
            "max_ms": 15.068057000462431,
            "p95_ms": 7.807594000041718,
            "p99_ms": 15.068057000462431,
            "ops_per_sec": 214.9210984214723,
            "samples": 50
          }
        }
      }
    },
    "full_protocol": {
      "256B": {
        "protocol": "Full Ouroboros",
        "message_size_bytes": 256,
        "aead_algorithm": "ASCON-128a",
        "header_overhead_bytes": 25,
        "iterations": 50,
        "operations": {
          "encrypt_pipeline": {
            "operation": "encrypt_pipeline",
            "mean_ms": 3.058917439702782,
            "median_ms": 2.9786044997308636,
            "std_ms": 0.3211009880056669,
            "min_ms": 2.9124460015736986,
            "max_ms": 4.950324997480493,
            "p95_ms": 3.21759899816243,
            "p99_ms": 4.950324997480493,
            "ops_per_sec": 326.9130402215643,
            "samples": 50
          },
          "decrypt_pipeline": {
            "operation": "decrypt_pipeline",
            "mean_ms": 2.9300878803041996,
            "median_ms": 2.9151919989089947,
            "std_ms": 0.04272393738770689,
            "min_ms": 2.8892340014863294,
            "max_ms": 3.1416579986398574,
            "p95_ms": 3.01249100084533,
            "p99_ms": 3.1416579986398574,
            "ops_per_sec": 341.2866920210532,