{
  "key_generation": {
    "mean_us": 22.835959898657165,
    "median_us": 20.763500288012438,
    "p95_us": 32.064999686554074,
    "p99_us": 126.06800009962171,
    "min_us": 20.490999304456636,
    "max_us": 126.06800009962171,
    "std_us": 11.064420435613282
  },
  "scrambling_256b": {
    "mean_us": 53320.44013997802,
    "median_us": 48653.45849975711,
    "p95_us": 94234.29500020575,
    "p99_us": 100539.28100023768,
    "min_us": 48171.673999604536,
    "max_us": 100539.28100023768,
    "std_us": 11558.187113623473
  },
  "scrambling_1024b": {
    "mean_us": 205565.52936996013,
    "median_us": 194568.07499955175,
    "p95_us": 254054.42599731032,
    "p99_us": 316137.96400051797,
    "min_us": 191490.52499778918,
    "max_us": 316137.96400051797,
    "std_us": 22174.604807201737
  },
  "scrambling_4096b": {
    "mean_us": 814791.6907098988,
    "median_us": 800329.0309989097,
    "p95_us": 917308.893000154,
    "p99_us": 966536.943000392,
    "min_us": 764097.243998549,
    "max_us": 966536.943000392,
    "std_us": 46879.244375725706
  }
}