{
  "success_rate": 1.0,
  "total_runs": 20,
  "avg_duration_ms": 2.38012410045485,
  "median_duration_ms": 1.9515985004545655,
  "failures": []
}