{
  "success_rate": 1.0,
  "total_runs": 20,
  "avg_duration_ms": 0.00979015003395034,
  "median_duration_ms": 0.007122998795239255,
  "failures": []
}