{
  "success_rate": 1.0,
  "total_runs": 20,
  "avg_duration_ms": 0.07365030032815412,
  "median_duration_ms": 0.06921799831616227,
  "failures": []
}