{
  "success_rate": 1.0,
  "total_runs": 20,
  "avg_duration_ms": 1.1411103503633058,
  "median_duration_ms": 1.052931500453269,
  "failures": []
}